marker_position_x,marker_position_y,marker_position_z,marker_quaternion_x,marker_quaternion_y,marker_quaternion_z,marker_quaternion_w
-0.3809378445148468,-0.03809267282485962,1.0446839332580566,0.9594328117346514,0.2738756620918186,-0.06267170182090782,0.02351721224082947
-0.36046844720840454,-0.043707188218832016,1.042951226234436,0.9564984369169377,0.28337554686560124,-0.059505493594158826,0.035610895049011354
0.21985666453838348,-0.03960808739066124,0.9877144694328308,0.9698310932165612,-0.17319340355743798,0.15536777121170942,0.07274992277154838
0.26411986351013184,-0.04542682319879532,0.9887577295303345,0.968175384574161,-0.2054704607252758,0.12634244971261596,0.06675252710297666
0.2835853397846222,-0.048170898109674454,0.9962154626846313,0.9691985590265101,-0.21684127906143535,0.10125029053414313,0.05815833167043867
0.3006296753883362,-0.05071907117962837,1.0039567947387695,0.9701858622986448,-0.22170743906395296,0.08441497731494417,0.04959148782256998
0.3142889738082886,-0.05258658900856972,1.0081596374511719,0.9719216786009368,-0.21794439009551464,0.08195869178779838,0.03393031582322934
0.3262682855129242,-0.054112646728754044,1.0140745639801025,0.9736705162528225,-0.21296045681682518,0.07724931611041223,0.025418748450792932
