marker_position_x,marker_position_y,marker_position_z,marker_quaternion_x,marker_quaternion_y,marker_quaternion_z,marker_quaternion_w
0.3274262249469757,0.14672797918319702,0.6275285482406616,0.9998877686891885,0.011365171379483813,0.0007449712851522364,0.009732827084424708
0.32730528712272644,0.14664678275585175,0.6273103952407837,0.9998873352822137,0.011251342982758827,0.0009046057517051884,0.00989473151490544
0.3273622393608093,0.14672474563121796,0.627478301525116,0.9998975348350402,0.010920482489791472,0.0006881312576208624,0.009229808685556038
0.32758790254592896,0.14682438969612122,0.6278764009475708,0.9998929632903096,0.010956830035115342,-0.00046867255830774265,0.009684533243175976
0.3274919092655182,0.1467682421207428,0.6276513934135437,0.9998915232347648,0.011189904820237252,0.00029364739410336335,0.009572960074278507
0.3273777365684509,0.14666350185871124,0.6273600459098816,0.9998872472868444,0.011294021382076733,0.0003744900751211677,0.009889264448979512
0.32763662934303284,0.14684663712978363,0.6279428005218506,0.9998899491370787,0.011289467989709033,-0.00012094689316564052,0.009624079125222545
0.3273841440677643,0.1467418521642685,0.6274648308753967,0.999897317022888,0.011031293218807605,0.00040301218999196526,0.009138028317181236
